product_id,period,quantity_sold
501,1,557
501,2,338
501,3,869
501,4,941
501,5,491
501,6,631
501,7,834
501,8,414
501,9,752
501,10,679
501,11,912
501,12,854
502,1,452
502,2,658
502,3,860
502,4,985
502,5,890
502,6,788
502,7,396
502,8,869
502,9,837
502,10,165
502,11,705
502,12,651
503,1,389
503,2,961
503,3,196
503,4,943
503,5,60
503,6,529
503,7,514
503,8,234
503,9,830
503,10,596
503,11,974
503,12,688
504,1,293
504,2,936
504,3,584
504,4,38
504,5,53
504,6,942
504,7,25
504,8,854
504,9,476
504,10,956
504,11,109
504,12,733
505,1,573
505,2,428
505,3,570
505,4,488
505,5,679
505,6,709
505,7,312
505,8,707
505,9,842
505,10,648
505,11,220
505,12,926
506,1,597
506,2,782
506,3,751
506,4,643
506,5,537
506,6,56
506,7,125
506,8,819
506,9,975
506,10,460
506,11,369
506,12,91
507,1,445
507,2,898
507,3,513
507,4,541
507,5,847
507,6,604
507,7,407
507,8,79
507,9,413
507,10,458
507,11,367
507,12,21
508,1,209
508,2,138
508,3,448
508,4,669
508,5,987
508,6,18
508,7,564
508,8,646
508,9,152
508,10,188
508,11,435
508,12,171
509,1,589
509,2,692
509,3,359
509,4,277
509,5,64
509,6,383
509,7,197
509,8,21
509,9,103
509,10,463
509,11,917
509,12,603
510,1,713
510,2,941
510,3,699
510,4,202
510,5,611
510,6,864
510,7,810
510,8,476
510,9,74
510,10,911
510,11,3
510,12,191
511,1,301
511,2,541
511,3,818
511,4,65
511,5,585
511,6,192
511,7,187
511,8,842
511,9,127
511,10,378
511,11,243
511,12,76
512,1,908
512,2,56
512,3,29
512,4,107
512,5,703
512,6,236
512,7,697
512,8,439
512,9,710
512,10,1
512,11,901
512,12,280
513,1,222
513,2,231
513,3,778
513,4,267
513,5,170
513,6,386
513,7,816
513,8,736
513,9,665
513,10,617
513,11,165
513,12,363
514,1,733
514,2,657
514,3,987
514,4,221
514,5,272
514,6,425
514,7,809
514,8,569
514,9,567
514,10,363
514,11,25
514,12,178
515,1,2
515,2,434
515,3,107
515,4,803
515,5,888
515,6,276
515,7,715
515,8,92
515,9,789
515,10,71
515,11,394
515,12,237
516,1,989
516,2,383
516,3,843
516,4,529
516,5,698
516,6,226
516,7,483
516,8,191
516,9,344
516,10,426
516,11,473
516,12,134
517,1,517
517,2,559
517,3,934
517,4,89
517,5,534
517,6,744
517,7,449
517,8,102
517,9,530
517,10,637
517,11,16
517,12,876
518,1,92
518,2,193
518,3,601
518,4,692
518,5,390
518,6,551
518,7,522
518,8,395
518,9,158
518,10,169
518,11,727
518,12,901
519,1,519
519,2,735
519,3,716
519,4,254
519,5,939
519,6,322
519,7,870
519,8,6
519,9,537
519,10,204
519,11,91
519,12,279
520,1,427
520,2,647
520,3,890
520,4,454
520,5,692
520,6,152
520,7,353
520,8,639
520,9,425
520,10,824
520,11,482
520,12,18
521,1,492
521,2,533
521,3,967
521,4,252
521,5,326
521,6,638
521,7,985
521,8,566
521,9,680
521,10,336
521,11,542
521,12,594
522,1,234
522,2,517
522,3,958
522,4,256
522,5,107
522,6,236
522,7,657
522,8,230
522,9,995
522,10,998
522,11,204
522,12,739
523,1,619
523,2,715
523,3,959
523,4,382
523,5,846
523,6,997
523,7,596
523,8,873
523,9,22
523,10,471
523,11,501
523,12,370
524,1,160
524,2,750
524,3,444
524,4,441
524,5,161
524,6,54
524,7,99
524,8,573
524,9,46
524,10,194
524,11,930
524,12,776
525,1,720
525,2,184
525,3,892
525,4,857
525,5,813
525,6,979
525,7,615
525,8,239
525,9,524
525,10,669
525,11,399
525,12,111
526,1,751
526,2,871
526,3,437
526,4,598
526,5,451
526,6,435
526,7,947
526,8,89
526,9,728
526,10,652
526,11,206
526,12,762
527,1,330
527,2,291
527,3,731
527,4,89
527,5,205
527,6,683
527,7,557
527,8,231
527,9,833
527,10,274
527,11,618
527,12,675
528,1,332
528,2,334
528,3,889
528,4,748
528,5,589
528,6,108
528,7,555
528,8,456
528,9,705
528,10,6
528,11,145
528,12,869
529,1,49
529,2,731
529,3,605
529,4,389
529,5,15
529,6,865
529,7,277
529,8,232
529,9,143
529,10,904
529,11,878
529,12,679
530,1,522
530,2,115
530,3,456
530,4,581
530,5,326
530,6,980
530,7,692
530,8,353
530,9,584
530,10,978
530,11,100
530,12,220
531,1,862
531,2,824
531,3,614
531,4,43
531,5,607
531,6,183
531,7,698
531,8,332
531,9,667
531,10,565
531,11,879
531,12,919
532,1,667
532,2,48
532,3,734
532,4,711
532,5,658
532,6,950
532,7,989
532,8,438
532,9,588
532,10,615
532,11,829
532,12,303
533,1,491
533,2,684
533,3,697
533,4,663
533,5,1
533,6,367
533,7,625
533,8,374
533,9,418
533,10,853
533,11,879
533,12,702
534,1,581
534,2,81
534,3,980
534,4,597
534,5,9
534,6,982
534,7,490
534,8,291
534,9,680
534,10,849
534,11,240
534,12,324
535,1,680
535,2,833
535,3,695
535,4,18
535,5,433
535,6,197
535,7,254
535,8,344
535,9,972
535,10,572
535,11,1000
535,12,436
536,1,271
536,2,332
536,3,494
536,4,100
536,5,124
536,6,370
536,7,380
536,8,663
536,9,798
536,10,598
536,11,922
536,12,437
537,1,579
537,2,556
537,3,673
537,4,913
537,5,80
537,6,372
537,7,891
537,8,427
537,9,84
537,10,769
537,11,758
537,12,169
538,1,866
538,2,334
538,3,246
538,4,606
538,5,484
538,6,972
538,7,541
538,8,656
538,9,415
538,10,177
538,11,162
538,12,374
539,1,251
539,2,531
539,3,542
539,4,765
539,5,651
539,6,496
539,7,263
539,8,129
539,9,693
539,10,241
539,11,883
539,12,556
540,1,559
540,2,959
540,3,563
540,4,356
540,5,837
540,6,598
540,7,609
540,8,140
540,9,481
540,10,202
540,11,172
540,12,380
541,1,695
541,2,220
541,3,856
541,4,541
541,5,149
541,6,200
541,7,824
541,8,414
541,9,455
541,10,542
541,11,501
541,12,985
542,1,831
542,2,634
542,3,587
542,4,760
542,5,799
542,6,848
542,7,878
542,8,92
542,9,826
542,10,800
542,11,546
542,12,13
543,1,698
543,2,745
543,3,896
543,4,937
543,5,872
543,6,508
543,7,328
543,8,625
543,9,296
543,10,461
543,11,283
543,12,742
544,1,89
544,2,732
544,3,438
544,4,32
544,5,339
544,6,321
544,7,114
544,8,283
544,9,111
544,10,79
544,11,358
544,12,668
545,1,445
545,2,322
545,3,277
545,4,969
545,5,128
545,6,274
545,7,275
545,8,955
545,9,961
545,10,522
545,11,380
545,12,499
546,1,331
546,2,850
546,3,551
546,4,228
546,5,437
546,6,210
546,7,487
546,8,922
546,9,229
546,10,416
546,11,869
546,12,645
547,1,138
547,2,2
547,3,612
547,4,523
547,5,750
547,6,503
547,7,280
547,8,654
547,9,95
547,10,765
547,11,904
547,12,390
548,1,356
548,2,693
548,3,110
548,4,629
548,5,500
548,6,902
548,7,274
548,8,222
548,9,949
548,10,383
548,11,971
548,12,548
549,1,600
549,2,205
549,3,384
549,4,861
549,5,57
549,6,117
549,7,772
549,8,743
549,9,679
549,10,390
549,11,910
549,12,564
550,1,273
550,2,831
550,3,832
550,4,154
550,5,197
550,6,702
550,7,842
550,8,462
550,9,377
550,10,895
550,11,532
550,12,529
551,1,18
551,2,39
551,3,760
551,4,422
551,5,210
551,6,553
551,7,718
551,8,544
551,9,155
551,10,798
551,11,819
551,12,982
552,1,982
552,2,58
552,3,190
552,4,904
552,5,913
552,6,41
552,7,895
552,8,275
552,9,420
552,10,687
552,11,162
552,12,491
553,1,310
553,2,950
553,3,489
553,4,245
553,5,901
553,6,314
553,7,327
553,8,681
553,9,104
553,10,125
553,11,608
553,12,549
554,1,869
554,2,573
554,3,693
554,4,404
554,5,44
554,6,787
554,7,210
554,8,139
554,9,704
554,10,493
554,11,306
554,12,698
555,1,885
555,2,643
555,3,425
555,4,843
555,5,96
555,6,328
555,7,726
555,8,356
555,9,1000
555,10,46
555,11,338
555,12,384
556,1,977
556,2,506
556,3,404
556,4,758
556,5,278
556,6,16
556,7,922
556,8,712
556,9,329
556,10,717
556,11,54
556,12,195
557,1,153
557,2,571
557,3,334
557,4,540
557,5,534
557,6,282
557,7,551
557,8,22
557,9,438
557,10,475
557,11,982
557,12,754
558,1,389
558,2,883
558,3,208
558,4,160
558,5,409
558,6,942
558,7,991
558,8,967
558,9,131
558,10,948
558,11,332
558,12,299
559,1,259
559,2,842
559,3,21
559,4,746
559,5,460
559,6,257
559,7,25
559,8,735
559,9,866
559,10,618
559,11,126
559,12,814
560,1,619
560,2,121
560,3,677
560,4,701
560,5,390
560,6,574
560,7,26
560,8,879
560,9,381
560,10,463
560,11,939
560,12,546
561,1,882
561,2,478
561,3,610
561,4,116
561,5,846
561,6,573
561,7,701
561,8,269
561,9,137
561,10,786
561,11,704
561,12,726
562,1,796
562,2,618
562,3,207
562,4,270
562,5,43
562,6,611
562,7,82
562,8,858
562,9,942
562,10,848
562,11,242
562,12,730
563,1,570
563,2,95
563,3,7
563,4,769
563,5,26
563,6,18
563,7,895
563,8,664
563,9,842
563,10,122
563,11,860
563,12,827
564,1,124
564,2,858
564,3,701
564,4,691
564,5,793
564,6,528
564,7,945
564,8,332
564,9,269
564,10,473
564,11,599
564,12,601
565,1,353
565,2,413
565,3,686
565,4,486
565,5,96
565,6,836
565,7,681
565,8,84
565,9,549
565,10,133
565,11,847
565,12,307
566,1,272
566,2,234
566,3,784
566,4,884
566,5,974
566,6,422
566,7,412
566,8,620
566,9,395
566,10,618
566,11,408
566,12,251
567,1,618
567,2,897
567,3,528
567,4,171
567,5,547
567,6,465
567,7,166
567,8,30
567,9,556
567,10,816
567,11,502
567,12,7
568,1,810
568,2,61
568,3,601
568,4,949
568,5,620
568,6,372
568,7,699
568,8,740
568,9,912
568,10,840
568,11,726
568,12,767
569,1,244
569,2,255
569,3,652
569,4,273
569,5,566
569,6,757
569,7,168
569,8,239
569,9,463
569,10,561
569,11,603
569,12,874
570,1,847
570,2,560
570,3,656
570,4,258
570,5,703
570,6,762
570,7,800
570,8,889
570,9,674
570,10,848
570,11,302
570,12,207
571,1,449
571,2,904
571,3,165
571,4,134
571,5,218
571,6,966
571,7,978
571,8,362
571,9,449
571,10,606
571,11,463
571,12,936
572,1,929
572,2,347
572,3,848
572,4,682
572,5,184
572,6,80
572,7,228
572,8,821
572,9,330
572,10,779
572,11,234
572,12,130
573,1,246
573,2,670
573,3,495
573,4,721
573,5,68
573,6,550
573,7,978
573,8,388
573,9,252
573,10,22
573,11,695
573,12,735
574,1,519
574,2,123
574,3,589
574,4,747
574,5,828
574,6,547
574,7,608
574,8,652
574,9,680
574,10,565
574,11,37
574,12,708
575,1,140
575,2,481
575,3,428
575,4,421
575,5,129
575,6,423
575,7,366
575,8,667
575,9,962
575,10,885
575,11,138
575,12,979
576,1,361
576,2,316
576,3,773
576,4,420
576,5,566
576,6,428
576,7,527
576,8,298
576,9,284
576,10,765
576,11,194
576,12,653
577,1,7
577,2,503
577,3,162
577,4,185
577,5,889
577,6,387
577,7,790
577,8,856
577,9,273
577,10,964
577,11,526
577,12,763
578,1,477
578,2,718
578,3,365
578,4,928
578,5,608
578,6,997
578,7,646
578,8,370
578,9,19
578,10,234
578,11,768
578,12,607
579,1,351
579,2,47
579,3,525
579,4,363
579,5,847
579,6,920
579,7,537
579,8,98
579,9,238
579,10,995
579,11,646
579,12,25
580,1,995
580,2,408
580,3,238
580,4,954
580,5,598
580,6,708
580,7,863
580,8,46
580,9,269
580,10,58
580,11,0
580,12,622
581,1,494
581,2,931
581,3,71
581,4,606
581,5,805
581,6,669
581,7,523
581,8,998
581,9,417
581,10,163
581,11,560
581,12,453
582,1,605
582,2,135
582,3,444
582,4,377
582,5,630
582,6,203
582,7,71
582,8,838
582,9,944
582,10,770
582,11,95
582,12,634
583,1,832
583,2,200
583,3,654
583,4,522
583,5,719
583,6,195
583,7,644
583,8,421
583,9,309
583,10,825
583,11,712
583,12,185
584,1,426
584,2,249
584,3,821
584,4,579
584,5,333
584,6,727
584,7,105
584,8,479
584,9,30
584,10,215
584,11,412
584,12,483
585,1,38
585,2,313
585,3,508
585,4,890
585,5,924
585,6,284
585,7,731
585,8,578
585,9,825
585,10,182
585,11,537
585,12,679
586,1,592
586,2,868
586,3,794
586,4,721
586,5,153
586,6,968
586,7,884
586,8,61
586,9,103
586,10,568
586,11,854
586,12,50
587,1,186
587,2,367
587,3,268
587,4,195
587,5,546
587,6,195
587,7,964
587,8,108
587,9,681
587,10,656
587,11,428
587,12,890
588,1,595
588,2,428
588,3,752
588,4,880
588,5,78
588,6,306
588,7,688
588,8,678
588,9,185
588,10,934
588,11,234
588,12,4
589,1,599
589,2,829
589,3,414
589,4,97
589,5,578
589,6,663
589,7,281
589,8,548
589,9,127
589,10,89
589,11,348
589,12,588
590,1,753
590,2,806
590,3,244
590,4,604
590,5,854
590,6,13
590,7,132
590,8,118
590,9,209
590,10,963
590,11,755
590,12,159
591,1,853
591,2,479
591,3,674
591,4,983
591,5,412
591,6,836
591,7,533
591,8,597
591,9,413
591,10,310
591,11,869
591,12,207
592,1,92
592,2,313
592,3,59
592,4,21
592,5,545
592,6,145
592,7,974
592,8,381
592,9,280
592,10,556
592,11,480
592,12,256
593,1,85
593,2,499
593,3,5
593,4,449
593,5,608
593,6,937
593,7,268
593,8,391
593,9,958
593,10,971
593,11,838
593,12,204
594,1,43
594,2,720
594,3,708
594,4,171
594,5,168
594,6,56
594,7,411
594,8,976
594,9,252
594,10,256
594,11,395
594,12,766
595,1,136
595,2,354
595,3,981
595,4,382
595,5,680
595,6,722
595,7,672
595,8,51
595,9,18
595,10,532
595,11,350
595,12,949
596,1,420
596,2,484
596,3,569
596,4,133
596,5,662
596,6,779
596,7,618
596,8,602
596,9,711
596,10,978
596,11,415
596,12,10
597,1,73
597,2,210
597,3,816
597,4,425
597,5,582
597,6,209
597,7,790
597,8,288
597,9,731
597,10,532
597,11,885
597,12,948
598,1,547
598,2,703
598,3,406
598,4,24
598,5,514
598,6,528
598,7,864
598,8,336
598,9,135
598,10,51
598,11,915
598,12,7
599,1,612
599,2,43
599,3,216
599,4,502
599,5,313
599,6,797
599,7,746
599,8,809
599,9,222
599,10,337
599,11,886
599,12,408
600,1,987
600,2,540
600,3,929
600,4,184
600,5,31
600,6,343
600,7,17
600,8,203
600,9,2
600,10,170
600,11,50
600,12,935
601,1,511
601,2,570
601,3,25
601,4,84
601,5,286
601,6,714
601,7,753
601,8,879
601,9,962
601,10,947
601,11,80
601,12,31
602,1,155
602,2,582
602,3,814
602,4,566
602,5,593
602,6,610
602,7,116
602,8,237
602,9,235
602,10,66
602,11,35
602,12,983
603,1,937
603,2,91
603,3,4
603,4,762
603,5,42
603,6,278
603,7,797
603,8,381
603,9,853
603,10,624
603,11,66
603,12,539
604,1,254
604,2,264
604,3,985
604,4,143
604,5,902
604,6,208
604,7,793
604,8,666
604,9,464
604,10,299
604,11,640
604,12,717
605,1,170
605,2,894
605,3,531
605,4,862
605,5,616
605,6,640
605,7,143
605,8,751
605,9,227
605,10,671
605,11,881
605,12,386
606,1,980
606,2,219
606,3,389
606,4,909
606,5,0
606,6,334
606,7,716
606,8,135
606,9,912
606,10,777
606,11,666
606,12,227
607,1,727
607,2,901
607,3,709
607,4,678
607,5,572
607,6,287
607,7,550
607,8,406
607,9,653
607,10,831
607,11,756
607,12,639
608,1,169
608,2,924
608,3,570
608,4,411
608,5,269
608,6,251
608,7,928
608,8,507
608,9,498
608,10,231
608,11,622
608,12,766
609,1,763
609,2,441
609,3,447
609,4,223
609,5,179
609,6,264
609,7,665
609,8,361
609,9,520
609,10,974
609,11,679
609,12,474
610,1,871
610,2,400
610,3,753
610,4,219
610,5,735
610,6,270
610,7,687
610,8,380
610,9,701
610,10,836
610,11,480
610,12,723
611,1,321
611,2,399
611,3,145
611,4,178
611,5,517
611,6,923
611,7,960
611,8,880
611,9,861
611,10,67
611,11,467
611,12,750
612,1,566
612,2,726
612,3,387
612,4,630
612,5,102
612,6,919
612,7,752
612,8,575
612,9,916
612,10,505
612,11,141
612,12,206
613,1,455
613,2,990
613,3,784
613,4,432
613,5,9
613,6,699
613,7,421
613,8,634
613,9,971
613,10,27
613,11,355
613,12,317
614,1,943
614,2,898
614,3,248
614,4,264
614,5,582
614,6,418
614,7,897
614,8,253
614,9,676
614,10,948
614,11,708
614,12,794
615,1,602
615,2,788
615,3,525
615,4,953
615,5,89
615,6,725
615,7,368
615,8,476
615,9,991
615,10,627
615,11,470
615,12,756
616,1,789
616,2,575
616,3,461
616,4,428
616,5,225
616,6,794
616,7,645
616,8,113
616,9,138
616,10,50
616,11,620
616,12,556
617,1,612
617,2,857
617,3,12
617,4,661
617,5,669
617,6,210
617,7,557
617,8,19
617,9,275
617,10,692
617,11,887
617,12,616
618,1,154
618,2,803
618,3,902
618,4,415
618,5,739
618,6,364
618,7,49
618,8,527
618,9,290
618,10,259
618,11,590
618,12,347
619,1,888
619,2,489
619,3,383
619,4,452
619,5,916
619,6,75
619,7,677
619,8,144
619,9,52
619,10,590
619,11,901
619,12,792
620,1,348
620,2,484
620,3,555
620,4,726
620,5,125
620,6,659
620,7,105
620,8,207
620,9,686
620,10,784
620,11,672
620,12,233
621,1,450
621,2,756
621,3,886
621,4,196
621,5,955
621,6,320
621,7,215
621,8,530
621,9,109
621,10,619
621,11,438
621,12,700
622,1,875
622,2,469
622,3,398
622,4,553
622,5,208
622,6,724
622,7,657
622,8,375
622,9,714
622,10,962
622,11,530
622,12,43
623,1,652
623,2,573
623,3,18
623,4,52
623,5,96
623,6,432
623,7,922
623,8,503
623,9,947
623,10,585
623,11,126
623,12,736
624,1,172
624,2,937
624,3,574
624,4,479
624,5,73
624,6,108
624,7,424
624,8,903
624,9,647
624,10,686
624,11,204
624,12,941
625,1,9
625,2,843
625,3,490
625,4,442
625,5,626
625,6,640
625,7,71
625,8,165
625,9,3
625,10,183
625,11,28
625,12,141
626,1,739
626,2,681
626,3,750
626,4,329
626,5,190
626,6,521
626,7,987
626,8,549
626,9,666
626,10,22
626,11,444
626,12,647
627,1,264
627,2,444
627,3,418
627,4,250
627,5,681
627,6,46
627,7,841
627,8,180
627,9,683
627,10,785
627,11,965
627,12,175
628,1,437
628,2,268
628,3,336
628,4,806
628,5,818
628,6,378
628,7,784
628,8,860
628,9,935
628,10,128
628,11,718
628,12,653
629,1,759
629,2,266
629,3,418
629,4,889
629,5,959
629,6,826
629,7,758
629,8,616
629,9,869
629,10,290
629,11,463
629,12,448
630,1,246
630,2,53
630,3,914
630,4,782
630,5,715
630,6,95
630,7,445
630,8,611
630,9,46
630,10,831
630,11,279
630,12,591
631,1,666
631,2,527
631,3,915
631,4,966
631,5,55
631,6,957
631,7,924
631,8,601
631,9,93
631,10,500
631,11,150
631,12,81
632,1,545
632,2,519
632,3,611
632,4,924
632,5,719
632,6,102
632,7,185
632,8,926
632,9,939
632,10,185
632,11,239
632,12,134
633,1,498
633,2,615
633,3,674
633,4,122
633,5,552
633,6,891
633,7,69
633,8,811
633,9,559
633,10,478
633,11,265
633,12,718
634,1,128
634,2,58
634,3,927
634,4,878
634,5,31
634,6,853
634,7,973
634,8,443
634,9,751
634,10,570
634,11,693
634,12,855
635,1,671
635,2,824
635,3,121
635,4,386
635,5,526
635,6,145
635,7,149
635,8,331
635,9,858
635,10,491
635,11,104
635,12,176
636,1,600
636,2,39
636,3,431
636,4,338
636,5,573
636,6,879
636,7,245
636,8,502
636,9,212
636,10,512
636,11,936
636,12,382
637,1,604
637,2,236
637,3,43
637,4,777
637,5,666
637,6,941
637,7,773
637,8,912
637,9,435
637,10,642
637,11,432
637,12,242
638,1,326
638,2,954
638,3,871
638,4,347
638,5,283
638,6,927
638,7,537
638,8,78
638,9,851
638,10,66
638,11,912
638,12,566
639,1,752
639,2,385
639,3,919
639,4,28
639,5,720
639,6,26
639,7,934
639,8,584
639,9,507
639,10,804
639,11,496
639,12,140
640,1,834
640,2,605
640,3,316
640,4,974
640,5,831
640,6,731
640,7,651
640,8,934
640,9,835
640,10,466
640,11,439
640,12,456
641,1,979
641,2,733
641,3,380
641,4,34
641,5,493
641,6,529
641,7,98
641,8,937
641,9,650
641,10,284
641,11,747
641,12,439
642,1,403
642,2,715
642,3,144
642,4,517
642,5,186
642,6,678
642,7,909
642,8,687
642,9,204
642,10,600
642,11,684
642,12,55
643,1,628
643,2,649
643,3,326
643,4,395
643,5,497
643,6,944
643,7,277
643,8,395
643,9,380
643,10,416
643,11,157
643,12,526
644,1,605
644,2,299
644,3,362
644,4,622
644,5,441
644,6,988
644,7,562
644,8,607
644,9,72
644,10,99
644,11,171
644,12,696
645,1,674
645,2,394
645,3,49
645,4,293
645,5,129
645,6,81
645,7,662
645,8,856
645,9,515
645,10,188
645,11,493
645,12,825
646,1,610
646,2,206
646,3,64
646,4,588
646,5,638
646,6,427
646,7,943
646,8,102
646,9,75
646,10,988
646,11,969
646,12,418
647,1,624
647,2,335
647,3,354
647,4,348
647,5,291
647,6,583
647,7,454
647,8,401
647,9,840
647,10,889
647,11,310
647,12,87
648,1,358
648,2,592
648,3,799
648,4,146
648,5,113
648,6,821
648,7,103
648,8,974
648,9,76
648,10,857
648,11,402
648,12,608
649,1,602
649,2,729
649,3,163
649,4,66
649,5,198
649,6,478
649,7,945
649,8,223
649,9,815
649,10,387
649,11,668
649,12,655
650,1,857
650,2,513
650,3,140
650,4,903
650,5,12
650,6,765
650,7,600
650,8,517
650,9,767
650,10,240
650,11,769
650,12,7
651,1,717
651,2,177
651,3,965
651,4,519
651,5,270
651,6,161
651,7,652
651,8,633
651,9,409
651,10,781
651,11,675
651,12,476
652,1,16
652,2,395
652,3,825
652,4,121
652,5,600
652,6,838
652,7,724
652,8,235
652,9,613
652,10,730
652,11,658
652,12,214
653,1,273
653,2,370
653,3,127
653,4,339
653,5,214
653,6,931
653,7,232
653,8,426
653,9,105
653,10,416
653,11,902
653,12,684
654,1,684
654,2,857
654,3,397
654,4,174
654,5,443
654,6,401
654,7,393
654,8,115
654,9,844
654,10,917
654,11,665
654,12,734
655,1,115
655,2,790
655,3,932
655,4,899
655,5,789
655,6,507
655,7,500
655,8,162
655,9,550
655,10,175
655,11,462
655,12,551
656,1,860
656,2,657
656,3,879
656,4,690
656,5,511
656,6,37
656,7,694
656,8,225
656,9,475
656,10,386
656,11,366
656,12,496
657,1,979
657,2,317
657,3,462
657,4,596
657,5,446
657,6,954
657,7,250
657,8,229
657,9,825
657,10,470
657,11,549
657,12,693
658,1,692
658,2,735
658,3,750
658,4,450
658,5,985
658,6,510
658,7,520
658,8,181
658,9,274
658,10,852
658,11,642
658,12,502
659,1,90
659,2,368
659,3,835
659,4,556
659,5,992
659,6,392
659,7,78
659,8,248
659,9,87
659,10,232
659,11,869
659,12,781
660,1,81
660,2,383
660,3,807
660,4,135
660,5,714
660,6,712
660,7,51
660,8,317
660,9,722
660,10,662
660,11,254
660,12,698
661,1,323
661,2,61
661,3,186
661,4,854
661,5,73
661,6,493
661,7,897
661,8,964
661,9,880
661,10,451
661,11,207
661,12,244
662,1,960
662,2,805
662,3,719
662,4,15
662,5,536
662,6,199
662,7,920
662,8,209
662,9,76
662,10,276
662,11,449
662,12,477
663,1,113
663,2,504
663,3,731
663,4,332
663,5,100
663,6,254
663,7,780
663,8,655
663,9,76
663,10,228
663,11,94
663,12,308
664,1,768
664,2,238
664,3,911
664,4,194
664,5,175
664,6,178
664,7,225
664,8,391
664,9,441
664,10,170
664,11,859
664,12,230
665,1,57
665,2,194
665,3,189
665,4,495
665,5,426
665,6,546
665,7,50
665,8,856
665,9,539
665,10,734
665,11,838
665,12,382
666,1,153
666,2,677
666,3,387
666,4,8
666,5,116
666,6,593
666,7,185
666,8,95
666,9,244
666,10,212
666,11,477
666,12,154
667,1,876
667,2,962
667,3,428
667,4,827
667,5,165
667,6,388
667,7,33
667,8,893
667,9,577
667,10,281
667,11,682
667,12,174
668,1,403
668,2,221
668,3,857
668,4,333
668,5,40
668,6,397
668,7,802
668,8,857
668,9,777
668,10,40
668,11,761
668,12,847
669,1,627
669,2,60
669,3,283
669,4,332
669,5,428
669,6,731
669,7,741
669,8,755
669,9,381
669,10,121
669,11,189
669,12,114
670,1,854
670,2,128
670,3,863
670,4,326
670,5,343
670,6,157
670,7,130
670,8,85
670,9,981
670,10,226
670,11,710
670,12,389
671,1,265
671,2,989
671,3,236
671,4,14
671,5,423
671,6,3
671,7,631
671,8,414
671,9,716
671,10,293
671,11,483
671,12,310
672,1,314
672,2,684
672,3,193
672,4,838
672,5,365
672,6,166
672,7,442
672,8,393
672,9,569
672,10,599
672,11,732
672,12,992
673,1,714
673,2,991
673,3,286
673,4,613
673,5,119
673,6,467
673,7,837
673,8,695
673,9,712
673,10,266
673,11,535
673,12,299
674,1,40
674,2,155
674,3,770
674,4,225
674,5,608
674,6,959
674,7,758
674,8,632
674,9,736
674,10,1000
674,11,755
674,12,17
675,1,104
675,2,916
675,3,757
675,4,424
675,5,656
675,6,408
675,7,431
675,8,843
675,9,141
675,10,540
675,11,422
675,12,783
676,1,900
676,2,377
676,3,135
676,4,789
676,5,727
676,6,411
676,7,703
676,8,500
676,9,892
676,10,758
676,11,835
676,12,11
677,1,889
677,2,621
677,3,791
677,4,407
677,5,228
677,6,203
677,7,496
677,8,603
677,9,367
677,10,827
677,11,639
677,12,403
678,1,192
678,2,780
678,3,782
678,4,112
678,5,824
678,6,193
678,7,402
678,8,581
678,9,83
678,10,450
678,11,604
678,12,812
679,1,400
679,2,922
679,3,170
679,4,996
679,5,129
679,6,234
679,7,322
679,8,915
679,9,142
679,10,448
679,11,811
679,12,703
680,1,277
680,2,867
680,3,158
680,4,427
680,5,351
680,6,717
680,7,209
680,8,132
680,9,351
680,10,755
680,11,132
680,12,231
681,1,353
681,2,902
681,3,200
681,4,0
681,5,888
681,6,149
681,7,614
681,8,790
681,9,544
681,10,60
681,11,54
681,12,954
682,1,748
682,2,789
682,3,486
682,4,265
682,5,317
682,6,158
682,7,328
682,8,648
682,9,912
682,10,501
682,11,988
682,12,604
683,1,936
683,2,585
683,3,556
683,4,490
683,5,983
683,6,278
683,7,371
683,8,313
683,9,151
683,10,146
683,11,509
683,12,989
684,1,732
684,2,998
684,3,961
684,4,207
684,5,648
684,6,815
684,7,459
684,8,698
684,9,157
684,10,685
684,11,669
684,12,729
685,1,579
685,2,436
685,3,775
685,4,621
685,5,835
685,6,403
685,7,132
685,8,220
685,9,445
685,10,944
685,11,540
685,12,277
686,1,708
686,2,974
686,3,582
686,4,711
686,5,336
686,6,892
686,7,834
686,8,975
686,9,652
686,10,789
686,11,409
686,12,352
687,1,255
687,2,206
687,3,503
687,4,951
687,5,272
687,6,677
687,7,650
687,8,437
687,9,957
687,10,333
687,11,210
687,12,998
688,1,650
688,2,387
688,3,875
688,4,368
688,5,116
688,6,310
688,7,120
688,8,45
688,9,762
688,10,880
688,11,665
688,12,302
689,1,823
689,2,479
689,3,370
689,4,984
689,5,817
689,6,67
689,7,605
689,8,789
689,9,302
689,10,952
689,11,292
689,12,540
690,1,946
690,2,790
690,3,102
690,4,305
690,5,367
690,6,462
690,7,451
690,8,191
690,9,623
690,10,890
690,11,986
690,12,469
691,1,660
691,2,886
691,3,124
691,4,11
691,5,93
691,6,87
691,7,964
691,8,519
691,9,655
691,10,141
691,11,733
691,12,812
692,1,98
692,2,837
692,3,312
692,4,344
692,5,167
692,6,216
692,7,128
692,8,378
692,9,449
692,10,43
692,11,114
692,12,76
693,1,587
693,2,983
693,3,975
693,4,464
693,5,953
693,6,0
693,7,90
693,8,787
693,9,720
693,10,143
693,11,948
693,12,520
694,1,281
694,2,339
694,3,994
694,4,699
694,5,714
694,6,134
694,7,603
694,8,690
694,9,223
694,10,864
694,11,669
694,12,23
695,1,882
695,2,868
695,3,797
695,4,665
695,5,340
695,6,696
695,7,574
695,8,333
695,9,42
695,10,332
695,11,258
695,12,14
696,1,402
696,2,339
696,3,457
696,4,493
696,5,660
696,6,350
696,7,28
696,8,38
696,9,263
696,10,997
696,11,762
696,12,675
697,1,108
697,2,203
697,3,229
697,4,367
697,5,913
697,6,139
697,7,721
697,8,292
697,9,755
697,10,496
697,11,121
697,12,524
698,1,699
698,2,160
698,3,657
698,4,845
698,5,694
698,6,617
698,7,523
698,8,689
698,9,2
698,10,395
698,11,298
698,12,346
699,1,198
699,2,539
699,3,881
699,4,936
699,5,924
699,6,132
699,7,332
699,8,161
699,9,636
699,10,54
699,11,774
699,12,171
700,1,302
700,2,391
700,3,196
700,4,419
700,5,151
700,6,619
700,7,296
700,8,330
700,9,267
700,10,306
700,11,380
700,12,868
701,1,326
701,2,768
701,3,884
701,4,888
701,5,585
701,6,177
701,7,129
701,8,885
701,9,595
701,10,869
701,11,560
701,12,326
702,1,153
702,2,676
702,3,732
702,4,790
702,5,876
702,6,809
702,7,292
702,8,103
702,9,15
702,10,422
702,11,888
702,12,711
703,1,551
703,2,574
703,3,422
703,4,170
703,5,912
703,6,357
703,7,172
703,8,160
703,9,333
703,10,416
703,11,840
703,12,484
704,1,644
704,2,533
704,3,571
704,4,133
704,5,273
704,6,379
704,7,719
704,8,798
704,9,463
704,10,672
704,11,500
704,12,488
705,1,404
705,2,69
705,3,609
705,4,964
705,5,553
705,6,907
705,7,943
705,8,634
705,9,58
705,10,796
705,11,296
705,12,461
706,1,461
706,2,892
706,3,170
706,4,426
706,5,495
706,6,870
706,7,23
706,8,53
706,9,176
706,10,324
706,11,361
706,12,377
707,1,131
707,2,404
707,3,381
707,4,24
707,5,723
707,6,657
707,7,98
707,8,939
707,9,62
707,10,709
707,11,588
707,12,587
708,1,790
708,2,607
708,3,172
708,4,529
708,5,100
708,6,449
708,7,405
708,8,33
708,9,957
708,10,670
708,11,462
708,12,163
709,1,873
709,2,674
709,3,662
709,4,189
709,5,556
709,6,585
709,7,355
709,8,241
709,9,560
709,10,79
709,11,437
709,12,371
710,1,83
710,2,590
710,3,452
710,4,140
710,5,81
710,6,462
710,7,138
710,8,966
710,9,306
710,10,30
710,11,126
710,12,572
711,1,398
711,2,516
711,3,349
711,4,554
711,5,528
711,6,989
711,7,502
711,8,889
711,9,245
711,10,984
711,11,196
711,12,999
712,1,753
712,2,827
712,3,901
712,4,845
712,5,72
712,6,107
712,7,825
712,8,112
712,9,288
712,10,111
712,11,220
712,12,976
713,1,627
713,2,119
713,3,951
713,4,795
713,5,13
713,6,121
713,7,173
713,8,317
713,9,797
713,10,557
713,11,994
713,12,423
714,1,108
714,2,813
714,3,633
714,4,657
714,5,432
714,6,16
714,7,28
714,8,22
714,9,954
714,10,864
714,11,90
714,12,756
715,1,220
715,2,689
715,3,493
715,4,314
715,5,156
715,6,195
715,7,930
715,8,557
715,9,331
715,10,716
715,11,410
715,12,476
716,1,903
716,2,687
716,3,619
716,4,443
716,5,734
716,6,326
716,7,495
716,8,823
716,9,526
716,10,563
716,11,7
716,12,381
717,1,552
717,2,901
717,3,3
717,4,318
717,5,131
717,6,317
717,7,654
717,8,646
717,9,849
717,10,649
717,11,543
717,12,154
718,1,367
718,2,216
718,3,92
718,4,440
718,5,337
718,6,808
718,7,827
718,8,117
718,9,254
718,10,471
718,11,467
718,12,256
719,1,146
719,2,55
719,3,918
719,4,91
719,5,403
719,6,478
719,7,350
719,8,984
719,9,603
719,10,73
719,11,319
719,12,755
720,1,111
720,2,365
720,3,5
720,4,178
720,5,375
720,6,251
720,7,553
720,8,700
720,9,509
720,10,552
720,11,393
720,12,673
721,1,614
721,2,698
721,3,287
721,4,55
721,5,887
721,6,502
721,7,1000
721,8,642
721,9,790
721,10,478
721,11,268
721,12,67
722,1,557
722,2,503
722,3,617
722,4,154
722,5,558
722,6,998
722,7,298
722,8,933
722,9,717
722,10,588
722,11,190
722,12,343
723,1,923
723,2,743
723,3,145
723,4,671
723,5,106
723,6,118
723,7,719
723,8,211
723,9,605
723,10,386
723,11,860
723,12,276
724,1,493
724,2,766
724,3,782
724,4,110
724,5,619
724,6,673
724,7,841
724,8,417
724,9,736
724,10,698
724,11,674
724,12,672
725,1,504
725,2,924
725,3,423
725,4,136
725,5,264
725,6,709
725,7,944
725,8,112
725,9,812
725,10,881
725,11,60
725,12,390
726,1,474
726,2,454
726,3,889
726,4,231
726,5,204
726,6,497
726,7,191
726,8,43
726,9,829
726,10,563
726,11,437
726,12,448
727,1,835
727,2,103
727,3,607
727,4,991
727,5,78
727,6,485
727,7,671
727,8,127
727,9,462
727,10,929
727,11,263
727,12,1000
728,1,889
728,2,76
728,3,456
728,4,467
728,5,154
728,6,44
728,7,63
728,8,875
728,9,198
728,10,432
728,11,796
728,12,258
729,1,270
729,2,229
729,3,740
729,4,731
729,5,782
729,6,313
729,7,754
729,8,157
729,9,270
729,10,411
729,11,94
729,12,306
730,1,994
730,2,913
730,3,201
730,4,480
730,5,987
730,6,178
730,7,769
730,8,784
730,9,745
730,10,466
730,11,552
730,12,846
731,1,420
731,2,257
731,3,211
731,4,67
731,5,996
731,6,893
731,7,663
731,8,826
731,9,557
731,10,598
731,11,925
731,12,94
732,1,896
732,2,263
732,3,5
732,4,813
732,5,246
732,6,417
732,7,214
732,8,393
732,9,63
732,10,620
732,11,469
732,12,949
733,1,706
733,2,330
733,3,623
733,4,248
733,5,530
733,6,555
733,7,833
733,8,866
733,9,229
733,10,991
733,11,660
733,12,463
734,1,366
734,2,992
734,3,375
734,4,993
734,5,857
734,6,782
734,7,165
734,8,851
734,9,941
734,10,908
734,11,715
734,12,969
735,1,279
735,2,181
735,3,890
735,4,322
735,5,947
735,6,77
735,7,542
735,8,511
735,9,951
735,10,736
735,11,778
735,12,245
736,1,282
736,2,892
736,3,446
736,4,921
736,5,537
736,6,325
736,7,882
736,8,913
736,9,248
736,10,993
736,11,513
736,12,732
737,1,39
737,2,767
737,3,834
737,4,903
737,5,728
737,6,689
737,7,231
737,8,44
737,9,245
737,10,992
737,11,689
737,12,634
738,1,958
738,2,549
738,3,105
738,4,517
738,5,153
738,6,356
738,7,793
738,8,107
738,9,939
738,10,247
738,11,936
738,12,186
739,1,188
739,2,687
739,3,650
739,4,975
739,5,153
739,6,415
739,7,540
739,8,218
739,9,586
739,10,580
739,11,193
739,12,773
740,1,163
740,2,26
740,3,810
740,4,791
740,5,685
740,6,962
740,7,194
740,8,442
740,9,156
740,10,119
740,11,481
740,12,924
741,1,993
741,2,275
741,3,400
741,4,431
741,5,91
741,6,514
741,7,505
741,8,829
741,9,734
741,10,66
741,11,898
741,12,784
742,1,988
742,2,651
742,3,95
742,4,486
742,5,432
742,6,213
742,7,333
742,8,314
742,9,701
742,10,572
742,11,335
742,12,372
743,1,535
743,2,298
743,3,387
743,4,605
743,5,337
743,6,853
743,7,767
743,8,176
743,9,984
743,10,955
743,11,434
743,12,571
744,1,535
744,2,956
744,3,958
744,4,428
744,5,479
744,6,73
744,7,792
744,8,227
744,9,563
744,10,326
744,11,195
744,12,405
745,1,3
745,2,798
745,3,451
745,4,268
745,5,692
745,6,562
745,7,303
745,8,702
745,9,949
745,10,919
745,11,854
745,12,407
746,1,834
746,2,90
746,3,848
746,4,708
746,5,130
746,6,578
746,7,832
746,8,982
746,9,87
746,10,702
746,11,248
746,12,124
747,1,289
747,2,479
747,3,808
747,4,536
747,5,449
747,6,508
747,7,436
747,8,671
747,9,312
747,10,469
747,11,497
747,12,336
748,1,952
748,2,572
748,3,978
748,4,147
748,5,992
748,6,331
748,7,322
748,8,905
748,9,850
748,10,492
748,11,211
748,12,340
749,1,432
749,2,457
749,3,900
749,4,117
749,5,809
749,6,92
749,7,501
749,8,266
749,9,65
749,10,700
749,11,664
749,12,562
750,1,470
750,2,450
750,3,415
750,4,849
750,5,786
750,6,687
750,7,857
750,8,869
750,9,661
750,10,662
750,11,669
750,12,177
751,1,180
751,2,364
751,3,725
751,4,366
751,5,272
751,6,656
751,7,913
751,8,837
751,9,19
751,10,285
751,11,465
751,12,650
752,1,247
752,2,858
752,3,503
752,4,849
752,5,928
752,6,518
752,7,392
752,8,378
752,9,32
752,10,955
752,11,873
752,12,951
753,1,627
753,2,674
753,3,453
753,4,65
753,5,587
753,6,268
753,7,805
753,8,488
753,9,839
753,10,913
753,11,650
753,12,838
754,1,278
754,2,350
754,3,290
754,4,969
754,5,176
754,6,375
754,7,598
754,8,701
754,9,792
754,10,607
754,11,220
754,12,169
755,1,876
755,2,654
755,3,533
755,4,812
755,5,695
755,6,833
755,7,148
755,8,686
755,9,557
755,10,311
755,11,272
755,12,38
756,1,580
756,2,399
756,3,192
756,4,369
756,5,830
756,6,3
756,7,760
756,8,289
756,9,72
756,10,308
756,11,153
756,12,68
757,1,862
757,2,252
757,3,979
757,4,174
757,5,642
757,6,137
757,7,832
757,8,995
757,9,865
757,10,774
757,11,248
757,12,235
758,1,253
758,2,780
758,3,149
758,4,830
758,5,874
758,6,230
758,7,404
758,8,356
758,9,824
758,10,96
758,11,278
758,12,559
759,1,180
759,2,880
759,3,879
759,4,587
759,5,48
759,6,599
759,7,282
759,8,656
759,9,342
759,10,964
759,11,439
759,12,380
760,1,829
760,2,802
760,3,758
760,4,494
760,5,566
760,6,528
760,7,361
760,8,743
760,9,132
760,10,112
760,11,947
760,12,56
761,1,680
761,2,458
761,3,778
761,4,972
761,5,665
761,6,51
761,7,378
761,8,871
761,9,54
761,10,987
761,11,815
761,12,276
762,1,824
762,2,698
762,3,972
762,4,113
762,5,354
762,6,645
762,7,197
762,8,949
762,9,60
762,10,636
762,11,275
762,12,849
763,1,508
763,2,916
763,3,762
763,4,110
763,5,711
763,6,722
763,7,555
763,8,203
763,9,856
763,10,455
763,11,513
763,12,98
764,1,760
764,2,498
764,3,514
764,4,760
764,5,307
764,6,324
764,7,355
764,8,212
764,9,519
764,10,462
764,11,87
764,12,915
765,1,699
765,2,949
765,3,392
765,4,438
765,5,867
765,6,991
765,7,539
765,8,551
765,9,271
765,10,947
765,11,798
765,12,526
766,1,565
766,2,970
766,3,315
766,4,714
766,5,884
766,6,969
766,7,428
766,8,786
766,9,245
766,10,131
766,11,922
766,12,324
767,1,325
767,2,925
767,3,75
767,4,146
767,5,629
767,6,904
767,7,16
767,8,322
767,9,175
767,10,929
767,11,641
767,12,460
768,1,356
768,2,507
768,3,598
768,4,34
768,5,774
768,6,730
768,7,638
768,8,593
768,9,627
768,10,964
768,11,504
768,12,178
769,1,824
769,2,303
769,3,269
769,4,998
769,5,45
769,6,716
769,7,378
769,8,180
769,9,316
769,10,928
769,11,589
769,12,843
770,1,649
770,2,500
770,3,224
770,4,308
770,5,301
770,6,722
770,7,679
770,8,498
770,9,782
770,10,120
770,11,771
770,12,573
771,1,679
771,2,802
771,3,529
771,4,537
771,5,867
771,6,276
771,7,505
771,8,319
771,9,704
771,10,196
771,11,240
771,12,118
772,1,390
772,2,597
772,3,112
772,4,749
772,5,911
772,6,535
772,7,755
772,8,82
772,9,661
772,10,805
772,11,652
772,12,468
773,1,614
773,2,165
773,3,250
773,4,13
773,5,407
773,6,485
773,7,898
773,8,302
773,9,130
773,10,481
773,11,739
773,12,548
774,1,933
774,2,414
774,3,232
774,4,373
774,5,188
774,6,515
774,7,75
774,8,261
774,9,101
774,10,633
774,11,674
774,12,645
775,1,84
775,2,461
775,3,840
775,4,556
775,5,821
775,6,151
775,7,230
775,8,783
775,9,309
775,10,793
775,11,235
775,12,454
776,1,316
776,2,919
776,3,790
776,4,427
776,5,829
776,6,954
776,7,715
776,8,199
776,9,781
776,10,896
776,11,127
776,12,25
777,1,211
777,2,113
777,3,713
777,4,727
777,5,128
777,6,482
777,7,961
777,8,239
777,9,291
777,10,771
777,11,502
777,12,489
778,1,514
778,2,432
778,3,82
778,4,232
778,5,560
778,6,258
778,7,247
778,8,913
778,9,721
778,10,38
778,11,199
778,12,7
779,1,383
779,2,991
779,3,124
779,4,704
779,5,536
779,6,323
779,7,301
779,8,691
779,9,494
779,10,565
779,11,961
779,12,968
780,1,690
780,2,355
780,3,174
780,4,562
780,5,265
780,6,868
780,7,725
780,8,943
780,9,360
780,10,511
780,11,901
780,12,986
781,1,341
781,2,927
781,3,68
781,4,938
781,5,117
781,6,167
781,7,214
781,8,682
781,9,337
781,10,473
781,11,542
781,12,515
782,1,814
782,2,694
782,3,46
782,4,886
782,5,463
782,6,687
782,7,157
782,8,294
782,9,578
782,10,160
782,11,501
782,12,532
783,1,963
783,2,206
783,3,883
783,4,725
783,5,143
783,6,309
783,7,68
783,8,511
783,9,9
783,10,288
783,11,649
783,12,926
784,1,987
784,2,767
784,3,255
784,4,662
784,5,441
784,6,802
784,7,392
784,8,688
784,9,48
784,10,199
784,11,491
784,12,148
785,1,843
785,2,234
785,3,726
785,4,439
785,5,199
785,6,478
785,7,84
785,8,880
785,9,486
785,10,787
785,11,20
785,12,487
786,1,37
786,2,441
786,3,29
786,4,501
786,5,156
786,6,55
786,7,266
786,8,395
786,9,622
786,10,527
786,11,233
786,12,24
787,1,510
787,2,354
787,3,280
787,4,274
787,5,486
787,6,619
787,7,68
787,8,748
787,9,320
787,10,916
787,11,713
787,12,998
788,1,419
788,2,514
788,3,923
788,4,849
788,5,859
788,6,472
788,7,610
788,8,137
788,9,730
788,10,684
788,11,790
788,12,654
789,1,750
789,2,207
789,3,993
789,4,75
789,5,133
789,6,295
789,7,346
789,8,838
789,9,568
789,10,502
789,11,642
789,12,756
790,1,168
790,2,708
790,3,236
790,4,438
790,5,911
790,6,460
790,7,961
790,8,877
790,9,794
790,10,247
790,11,415
790,12,930
791,1,964
791,2,852
791,3,247
791,4,731
791,5,147
791,6,323
791,7,727
791,8,822
791,9,970
791,10,382
791,11,147
791,12,944
792,1,908
792,2,124
792,3,367
792,4,859
792,5,335
792,6,813
792,7,926
792,8,128
792,9,624
792,10,217
792,11,969
792,12,554
793,1,342
793,2,137
793,3,494
793,4,955
793,5,70
793,6,845
793,7,672
793,8,48
793,9,132
793,10,86
793,11,28
793,12,424
794,1,825
794,2,338
794,3,24
794,4,698
794,5,232
794,6,140
794,7,422
794,8,675
794,9,582
794,10,81
794,11,360
794,12,292
795,1,305
795,2,536
795,3,585
795,4,288
795,5,333
795,6,666
795,7,605
795,8,788
795,9,82
795,10,61
795,11,307
795,12,184
796,1,541
796,2,67
796,3,717
796,4,914
796,5,810
796,6,261
796,7,173
796,8,292
796,9,56
796,10,798
796,11,882
796,12,553
797,1,701
797,2,572
797,3,489
797,4,539
797,5,665
797,6,784
797,7,676
797,8,627
797,9,375
797,10,499
797,11,941
797,12,430
798,1,868
798,2,540
798,3,493
798,4,890
798,5,89
798,6,419
798,7,114
798,8,535
798,9,348
798,10,41
798,11,161
798,12,603
799,1,536
799,2,382
799,3,313
799,4,691
799,5,333
799,6,743
799,7,219
799,8,310
799,9,270
799,10,11
799,11,868
799,12,316
800,1,111
800,2,18
800,3,605
800,4,252
800,5,198
800,6,240
800,7,955
800,8,536
800,9,482
800,10,832
800,11,851
800,12,397
801,1,410
801,2,682
801,3,374
801,4,125
801,5,160
801,6,354
801,7,30
801,8,902
801,9,110
801,10,745
801,11,60
801,12,323
802,1,946
802,2,449
802,3,638
802,4,176
802,5,537
802,6,848
802,7,522
802,8,638
802,9,868
802,10,840
802,11,124
802,12,564
803,1,205
803,2,73
803,3,936
803,4,36
803,5,120
803,6,1000
803,7,342
803,8,233
803,9,886
803,10,642
803,11,455
803,12,595
804,1,184
804,2,572
804,3,24
804,4,409
804,5,300
804,6,769
804,7,376
804,8,208
804,9,75
804,10,114
804,11,70
804,12,545
805,1,381
805,2,938
805,3,333
805,4,610
805,5,723
805,6,760
805,7,129
805,8,604
805,9,157
805,10,217
805,11,837
805,12,75
806,1,495
806,2,664
806,3,354
806,4,609
806,5,574
806,6,588
806,7,999
806,8,93
806,9,531
806,10,648
806,11,906
806,12,864
807,1,378
807,2,275
807,3,115
807,4,126
807,5,962
807,6,179
807,7,616
807,8,326
807,9,932
807,10,105
807,11,875
807,12,919
808,1,46
808,2,47
808,3,47
808,4,482
808,5,435
808,6,65
808,7,538
808,8,224
808,9,642
808,10,690
808,11,465
808,12,915
809,1,885
809,2,210
809,3,737
809,4,167
809,5,67
809,6,819
809,7,738
809,8,966
809,9,328
809,10,527
809,11,242
809,12,708
810,1,739
810,2,854
810,3,777
810,4,591
810,5,764
810,6,347
810,7,1
810,8,889
810,9,121
810,10,471
810,11,489
810,12,485
811,1,550
811,2,919
811,3,98
811,4,293
811,5,921
811,6,170
811,7,870
811,8,791
811,9,40
811,10,753
811,11,760
811,12,797
812,1,527
812,2,650
812,3,458
812,4,844
812,5,458
812,6,473
812,7,100
812,8,10
812,9,166
812,10,845
812,11,220
812,12,87
813,1,503
813,2,621
813,3,522
813,4,637
813,5,513
813,6,533
813,7,532
813,8,328
813,9,921
813,10,892
813,11,472
813,12,746
814,1,21
814,2,993
814,3,596
814,4,342
814,5,397
814,6,366
814,7,57
814,8,11
814,9,641
814,10,386
814,11,958
814,12,231
815,1,212
815,2,694
815,3,404
815,4,309
815,5,619
815,6,106
815,7,388
815,8,34
815,9,22
815,10,225
815,11,532
815,12,6
816,1,309
816,2,539
816,3,213
816,4,661
816,5,285
816,6,438
816,7,691
816,8,446
816,9,278
816,10,480
816,11,493
816,12,803
817,1,660
817,2,708
817,3,684
817,4,527
817,5,560
817,6,834
817,7,940
817,8,451
817,9,762
817,10,753
817,11,898
817,12,549
818,1,967
818,2,190
818,3,902
818,4,539
818,5,139
818,6,226
818,7,340
818,8,739
818,9,468
818,10,407
818,11,81
818,12,975
819,1,752
819,2,314
819,3,502
819,4,418
819,5,729
819,6,443
819,7,860
819,8,219
819,9,399
819,10,456
819,11,855
819,12,51
820,1,271
820,2,900
820,3,720
820,4,443
820,5,555
820,6,441
820,7,19
820,8,440
820,9,8
820,10,652
820,11,878
820,12,654
821,1,570
821,2,562
821,3,447
821,4,684
821,5,928
821,6,395
821,7,254
821,8,652
821,9,12
821,10,897
821,11,997
821,12,941
822,1,798
822,2,660
822,3,893
822,4,557
822,5,780
822,6,727
822,7,316
822,8,534
822,9,923
822,10,710
822,11,521
822,12,918
823,1,937
823,2,779
823,3,575
823,4,839
823,5,589
823,6,580
823,7,37
823,8,594
823,9,922
823,10,623
823,11,922
823,12,395
824,1,201
824,2,561
824,3,257
824,4,235
824,5,727
824,6,83
824,7,659
824,8,228
824,9,818
824,10,638
824,11,11
824,12,220
825,1,31
825,2,899
825,3,843
825,4,438
825,5,893
825,6,614
825,7,536
825,8,934
825,9,831
825,10,20
825,11,262
825,12,427
826,1,442
826,2,757
826,3,120
826,4,213
826,5,609
826,6,550
826,7,385
826,8,343
826,9,51
826,10,658
826,11,656
826,12,751
827,1,161
827,2,112
827,3,809
827,4,84
827,5,747
827,6,12
827,7,632
827,8,79
827,9,208
827,10,600
827,11,448
827,12,142
828,1,766
828,2,169
828,3,977
828,4,793
828,5,281
828,6,808
828,7,927
828,8,352
828,9,549
828,10,814
828,11,191
828,12,860
829,1,253
829,2,467
829,3,53
829,4,743
829,5,660
829,6,824
829,7,25
829,8,395
829,9,611
829,10,917
829,11,761
829,12,362
830,1,520
830,2,677
830,3,330
830,4,84
830,5,923
830,6,692
830,7,453
830,8,289
830,9,704
830,10,202
830,11,113
830,12,381
831,1,976
831,2,920
831,3,783
831,4,920
831,5,815
831,6,492
831,7,680
831,8,454
831,9,401
831,10,416
831,11,25
831,12,560
832,1,650
832,2,13
832,3,240
832,4,488
832,5,995
832,6,267
832,7,322
832,8,842
832,9,190
832,10,415
832,11,782
832,12,276
833,1,479
833,2,714
833,3,754
833,4,64
833,5,935
833,6,524
833,7,736
833,8,670
833,9,50
833,10,447
833,11,498
833,12,270
834,1,9
834,2,287
834,3,529
834,4,645
834,5,577
834,6,119
834,7,512
834,8,988
834,9,392
834,10,511
834,11,507
834,12,13
835,1,725
835,2,906
835,3,482
835,4,662
835,5,745
835,6,969
835,7,818
835,8,127
835,9,652
835,10,84
835,11,544
835,12,297
836,1,504
836,2,188
836,3,186
836,4,626
836,5,456
836,6,352
836,7,772
836,8,701
836,9,679
836,10,166
836,11,61
836,12,463
837,1,784
837,2,913
837,3,857
837,4,63
837,5,86
837,6,56
837,7,12
837,8,908
837,9,822
837,10,383
837,11,228
837,12,526
838,1,835
838,2,154
838,3,655
838,4,342
838,5,78
838,6,39
838,7,914
838,8,542
838,9,620
838,10,467
838,11,814
838,12,233
839,1,559
839,2,566
839,3,261
839,4,938
839,5,204
839,6,885
839,7,907
839,8,897
839,9,718
839,10,71
839,11,606
839,12,574
840,1,435
840,2,693
840,3,952
840,4,874
840,5,790
840,6,335
840,7,559
840,8,358
840,9,938
840,10,809
840,11,34
840,12,707
841,1,110
841,2,721
841,3,363
841,4,918
841,5,336
841,6,639
841,7,920
841,8,526
841,9,299
841,10,996
841,11,704
841,12,26
842,1,152
842,2,887
842,3,490
842,4,351
842,5,253
842,6,172
842,7,824
842,8,312
842,9,621
842,10,520
842,11,455
842,12,470
843,1,634
843,2,470
843,3,430
843,4,157
843,5,303
843,6,546
843,7,370
843,8,74
843,9,195
843,10,792
843,11,587
843,12,92
844,1,916
844,2,74
844,3,238
844,4,588
844,5,379
844,6,258
844,7,290
844,8,545
844,9,416
844,10,472
844,11,890
844,12,616
845,1,868
845,2,276
845,3,303
845,4,490
845,5,129
845,6,887
845,7,331
845,8,870
845,9,663
845,10,992
845,11,501
845,12,308
846,1,101
846,2,939
846,3,297
846,4,657
846,5,595
846,6,516
846,7,605
846,8,195
846,9,419
846,10,257
846,11,760
846,12,51
847,1,752
847,2,644
847,3,75
847,4,854
847,5,275
847,6,729
847,7,260
847,8,842
847,9,754
847,10,274
847,11,594
847,12,318
848,1,832
848,2,342
848,3,699
848,4,462
848,5,698
848,6,522
848,7,993
848,8,28
848,9,639
848,10,749
848,11,24
848,12,968
849,1,190
849,2,424
849,3,332
849,4,224
849,5,557
849,6,893
849,7,789
849,8,705
849,9,616
849,10,19
849,11,568
849,12,180
850,1,728
850,2,570
850,3,899
850,4,916
850,5,898
850,6,838
850,7,870
850,8,15
850,9,521
850,10,489
850,11,31
850,12,568
851,1,562
851,2,510
851,3,998
851,4,312
851,5,182
851,6,116
851,7,204
851,8,422
851,9,355
851,10,744
851,11,830
851,12,119
852,1,803
852,2,856
852,3,757
852,4,614
852,5,267
852,6,183
852,7,696
852,8,588
852,9,147
852,10,489
852,11,11
852,12,819
853,1,80
853,2,1000
853,3,641
853,4,918
853,5,807
853,6,905
853,7,686
853,8,804
853,9,1000
853,10,732
853,11,318
853,12,874
854,1,488
854,2,181
854,3,473
854,4,858
854,5,321
854,6,873
854,7,949
854,8,592
854,9,364
854,10,325
854,11,844
854,12,42
855,1,894
855,2,457
855,3,826
855,4,812
855,5,511
855,6,115
855,7,386
855,8,404
855,9,363
855,10,528
855,11,603
855,12,646
856,1,87
856,2,917
856,3,922
856,4,939
856,5,611
856,6,161
856,7,891
856,8,939
856,9,970
856,10,891
856,11,0
856,12,884
857,1,193
857,2,850
857,3,282
857,4,465
857,5,77
857,6,578
857,7,820
857,8,635
857,9,651
857,10,88
857,11,434
857,12,937
858,1,103
858,2,832
858,3,590
858,4,87
858,5,783
858,6,711
858,7,467
858,8,530
858,9,701
858,10,485
858,11,837
858,12,259
859,1,782
859,2,63
859,3,71
859,4,882
859,5,338
859,6,542
859,7,414
859,8,966
859,9,401
859,10,707
859,11,135
859,12,196
860,1,95
860,2,838
860,3,262
860,4,302
860,5,673
860,6,586
860,7,68
860,8,613
860,9,605
860,10,349
860,11,195
860,12,644
861,1,422
861,2,259
861,3,702
861,4,679
861,5,555
861,6,236
861,7,471
861,8,903
861,9,491
861,10,83
861,11,132
861,12,970
862,1,890
862,2,192
862,3,878
862,4,434
862,5,508
862,6,838
862,7,103
862,8,76
862,9,228
862,10,386
862,11,984
862,12,254
863,1,197
863,2,654
863,3,886
863,4,681
863,5,237
863,6,65
863,7,757
863,8,228
863,9,574
863,10,86
863,11,85
863,12,1000
864,1,0
864,2,615
864,3,941
864,4,134
864,5,133
864,6,69
864,7,160
864,8,961
864,9,851
864,10,306
864,11,475
864,12,731
865,1,406
865,2,971
865,3,574
865,4,49
865,5,972
865,6,808
865,7,199
865,8,296
865,9,536
865,10,849
865,11,806
865,12,335
866,1,377
866,2,405
866,3,999
866,4,431
866,5,191
866,6,446
866,7,215
866,8,509
866,9,267
866,10,153
866,11,790
866,12,552
867,1,166
867,2,725
867,3,891
867,4,339
867,5,355
867,6,415
867,7,945
867,8,714
867,9,404
867,10,439
867,11,323
867,12,501
868,1,508
868,2,753
868,3,11
868,4,346
868,5,277
868,6,531
868,7,211
868,8,983
868,9,792
868,10,739
868,11,179
868,12,989
869,1,637
869,2,942
869,3,140
869,4,645
869,5,17
869,6,440
869,7,507
869,8,965
869,9,10
869,10,959
869,11,515
869,12,899
870,1,312
870,2,720
870,3,765
870,4,346
870,5,523
870,6,737
870,7,15
870,8,572
870,9,319
870,10,263
870,11,637
870,12,254
871,1,592
871,2,92
871,3,554
871,4,648
871,5,179
871,6,945
871,7,497
871,8,537
871,9,712
871,10,976
871,11,174
871,12,513
872,1,417
872,2,429
872,3,16
872,4,244
872,5,122
872,6,463
872,7,883
872,8,582
872,9,125
872,10,734
872,11,762
872,12,706
873,1,762
873,2,653
873,3,62
873,4,108
873,5,245
873,6,920
873,7,331
873,8,614
873,9,305
873,10,420
873,11,20
873,12,241
874,1,680
874,2,433
874,3,252
874,4,824
874,5,733
874,6,395
874,7,716
874,8,978
874,9,701
874,10,492
874,11,996
874,12,148
875,1,476
875,2,403
875,3,464
875,4,798
875,5,372
875,6,710
875,7,876
875,8,325
875,9,510
875,10,632
875,11,951
875,12,709
876,1,72
876,2,433
876,3,375
876,4,532
876,5,50
876,6,550
876,7,550
876,8,362
876,9,88
876,10,992
876,11,104
876,12,298
877,1,140
877,2,111
877,3,803
877,4,89
877,5,999
877,6,656
877,7,600
877,8,668
877,9,354
877,10,410
877,11,577
877,12,756
878,1,581
878,2,928
878,3,980
878,4,295
878,5,70
878,6,556
878,7,941
878,8,874
878,9,627
878,10,172
878,11,442
878,12,849
879,1,261
879,2,374
879,3,519
879,4,111
879,5,479
879,6,394
879,7,255
879,8,358
879,9,351
879,10,3
879,11,774
879,12,619
880,1,339
880,2,58
880,3,836
880,4,812
880,5,559
880,6,325
880,7,991
880,8,705
880,9,688
880,10,853
880,11,48
880,12,452
881,1,307
881,2,42
881,3,89
881,4,588
881,5,18
881,6,892
881,7,765
881,8,786
881,9,13
881,10,639
881,11,527
881,12,392
882,1,244
882,2,206
882,3,719
882,4,176
882,5,773
882,6,918
882,7,727
882,8,323
882,9,256
882,10,985
882,11,144
882,12,211
883,1,514
883,2,779
883,3,803
883,4,342
883,5,83
883,6,90
883,7,879
883,8,697
883,9,208
883,10,991
883,11,339
883,12,667
884,1,336
884,2,295
884,3,795
884,4,659
884,5,154
884,6,749
884,7,814
884,8,325
884,9,280
884,10,471
884,11,761
884,12,537
885,1,574
885,2,117
885,3,629
885,4,100
885,5,564
885,6,69
885,7,171
885,8,624
885,9,442
885,10,109
885,11,854
885,12,593
886,1,560
886,2,531
886,3,860
886,4,757
886,5,618
886,6,165
886,7,648
886,8,824
886,9,839
886,10,866
886,11,353
886,12,594
887,1,75
887,2,221
887,3,174
887,4,628
887,5,356
887,6,641
887,7,999
887,8,164
887,9,836
887,10,36
887,11,74
887,12,130
888,1,879
888,2,165
888,3,75
888,4,603
888,5,815
888,6,213
888,7,497
888,8,572
888,9,388
888,10,991
888,11,801
888,12,328
889,1,174
889,2,642
889,3,612
889,4,400
889,5,646
889,6,851
889,7,470
889,8,603
889,9,616
889,10,582
889,11,928
889,12,611
890,1,108
890,2,155
890,3,925
890,4,27
890,5,442
890,6,600
890,7,383
890,8,797
890,9,482
890,10,800
890,11,793
890,12,255
891,1,182
891,2,183
891,3,662
891,4,936
891,5,68
891,6,334
891,7,689
891,8,454
891,9,146
891,10,30
891,11,577
891,12,478
892,1,191
892,2,89
892,3,399
892,4,961
892,5,522
892,6,763
892,7,588
892,8,968
892,9,278
892,10,950
892,11,636
892,12,560
893,1,64
893,2,93
893,3,781
893,4,536
893,5,142
893,6,368
893,7,699
893,8,152
893,9,520
893,10,380
893,11,318
893,12,912
894,1,848
894,2,12
894,3,969
894,4,57
894,5,191
894,6,860
894,7,506
894,8,736
894,9,629
894,10,267
894,11,86
894,12,62
895,1,962
895,2,972
895,3,70
895,4,497
895,5,386
895,6,583
895,7,991
895,8,126
895,9,605
895,10,10
895,11,552
895,12,310
896,1,473
896,2,833
896,3,179
896,4,296
896,5,377
896,6,676
896,7,526
896,8,192
896,9,433
896,10,343
896,11,981
896,12,406
897,1,782
897,2,804
897,3,123
897,4,133
897,5,580
897,6,48
897,7,803
897,8,626
897,9,143
897,10,839
897,11,697
897,12,801
898,1,99
898,2,944
898,3,380
898,4,330
898,5,534
898,6,51
898,7,830
898,8,773
898,9,288
898,10,543
898,11,865
898,12,104
899,1,543
899,2,741
899,3,292
899,4,248
899,5,692
899,6,288
899,7,324
899,8,529
899,9,385
899,10,568
899,11,891
899,12,616
900,1,863
900,2,833
900,3,796
900,4,549
900,5,292
900,6,789
900,7,213
900,8,9
900,9,13
900,10,165
900,11,846
900,12,836
901,1,127
901,2,803
901,3,194
901,4,901
901,5,8
901,6,625
901,7,207
901,8,91
901,9,256
901,10,699
901,11,777
901,12,14
902,1,451
902,2,437
902,3,910
902,4,940
902,5,270
902,6,238
902,7,168
902,8,138
902,9,345
902,10,341
902,11,782
902,12,686
903,1,913
903,2,537
903,3,227
903,4,74
903,5,386
903,6,132
903,7,329
903,8,480
903,9,697
903,10,481
903,11,41
903,12,258
904,1,368
904,2,586
904,3,430
904,4,653
904,5,92
904,6,998
904,7,279
904,8,448
904,9,344
904,10,18
904,11,92
904,12,722
905,1,850
905,2,967
905,3,941
905,4,833
905,5,965
905,6,785
905,7,977
905,8,332
905,9,399
905,10,627
905,11,696
905,12,411
906,1,42
906,2,875
906,3,435
906,4,167
906,5,528
906,6,165
906,7,304
906,8,868
906,9,206
906,10,979
906,11,726
906,12,258
907,1,883
907,2,935
907,3,786
907,4,770
907,5,153
907,6,373
907,7,145
907,8,339
907,9,857
907,10,183
907,11,506
907,12,613
908,1,418
908,2,810
908,3,460
908,4,502
908,5,404
908,6,372
908,7,774
908,8,960
908,9,942
908,10,781
908,11,528
908,12,259
909,1,487
909,2,149
909,3,617
909,4,884
909,5,839
909,6,804
909,7,515
909,8,51
909,9,171
909,10,544
909,11,955
909,12,855
910,1,77
910,2,659
910,3,20
910,4,354
910,5,148
910,6,477
910,7,89
910,8,706
910,9,463
910,10,9
910,11,264
910,12,670
911,1,825
911,2,7
911,3,63
911,4,224
911,5,888
911,6,754
911,7,452
911,8,465
911,9,269
911,10,591
911,11,625
911,12,44
912,1,800
912,2,28
912,3,164
912,4,663
912,5,266
912,6,478
912,7,59
912,8,1000
912,9,220
912,10,191
912,11,291
912,12,954
913,1,269
913,2,295
913,3,26
913,4,530
913,5,421
913,6,831
913,7,310
913,8,717
913,9,151
913,10,319
913,11,968
913,12,812
914,1,673
914,2,985
914,3,310
914,4,145
914,5,839
914,6,649
914,7,527
914,8,798
914,9,622
914,10,701
914,11,463
914,12,762
915,1,700
915,2,925
915,3,284
915,4,959
915,5,617
915,6,590
915,7,226
915,8,474
915,9,182
915,10,579
915,11,803
915,12,330
916,1,758
916,2,720
916,3,659
916,4,240
916,5,471
916,6,681
916,7,473
916,8,400
916,9,398
916,10,474
916,11,559
916,12,164
917,1,899
917,2,639
917,3,280
917,4,883
917,5,892
917,6,634
917,7,977
917,8,438
917,9,850
917,10,859
917,11,818
917,12,192
918,1,727
918,2,339
918,3,837
918,4,892
918,5,546
918,6,687
918,7,540
918,8,877
918,9,71
918,10,636
918,11,96
918,12,520
919,1,314
919,2,627
919,3,830
919,4,343
919,5,630
919,6,299
919,7,662
919,8,604
919,9,417
919,10,426
919,11,886
919,12,400
920,1,924
920,2,438
920,3,163
920,4,748
920,5,525
920,6,81
920,7,756
920,8,931
920,9,897
920,10,847
920,11,94
920,12,373
921,1,850
921,2,143
921,3,897
921,4,34
921,5,502
921,6,86
921,7,781
921,8,996
921,9,282
921,10,58
921,11,325
921,12,64
922,1,901
922,2,941
922,3,917
922,4,701
922,5,13
922,6,224
922,7,78
922,8,921
922,9,73
922,10,435
922,11,73
922,12,386
923,1,888
923,2,829
923,3,223
923,4,0
923,5,777
923,6,15
923,7,432
923,8,820
923,9,354
923,10,96
923,11,335
923,12,494
924,1,992
924,2,746
924,3,783
924,4,995
924,5,651
924,6,821
924,7,800
924,8,656
924,9,726
924,10,495
924,11,67
924,12,793
925,1,944
925,2,518
925,3,145
925,4,152
925,5,805
925,6,357
925,7,152
925,8,597
925,9,496
925,10,786
925,11,757
925,12,692
926,1,167
926,2,975
926,3,964
926,4,428
926,5,363
926,6,162
926,7,788
926,8,508
926,9,327
926,10,660
926,11,917
926,12,414
927,1,338
927,2,44
927,3,949
927,4,944
927,5,118
927,6,609
927,7,400
927,8,152
927,9,987
927,10,277
927,11,76
927,12,793
928,1,192
928,2,954
928,3,867
928,4,507
928,5,237
928,6,667
928,7,278
928,8,513
928,9,534
928,10,264
928,11,207
928,12,790
929,1,452
929,2,238
929,3,29
929,4,125
929,5,545
929,6,513
929,7,56
929,8,502
929,9,579
929,10,8
929,11,883
929,12,29
930,1,282
930,2,951
930,3,44
930,4,490
930,5,168
930,6,349
930,7,976
930,8,853
930,9,909
930,10,456
930,11,765
930,12,265
931,1,335
931,2,943
931,3,786
931,4,481
931,5,521
931,6,908
931,7,185
931,8,900
931,9,446
931,10,794
931,11,220
931,12,327
932,1,389
932,2,154
932,3,470
932,4,344
932,5,633
932,6,680
932,7,397
932,8,771
932,9,372
932,10,272
932,11,261
932,12,491
933,1,999
933,2,180
933,3,33
933,4,911
933,5,912
933,6,463
933,7,604
933,8,675
933,9,361
933,10,939
933,11,409
933,12,216
934,1,524
934,2,214
934,3,652
934,4,737
934,5,656
934,6,826
934,7,787
934,8,5
934,9,92
934,10,812
934,11,330
934,12,319
935,1,239
935,2,87
935,3,426
935,4,220
935,5,962
935,6,836
935,7,157
935,8,499
935,9,320
935,10,7
935,11,343
935,12,917
936,1,831
936,2,255
936,3,829
936,4,914
936,5,957
936,6,374
936,7,786
936,8,660
936,9,323
936,10,207
936,11,988
936,12,398
937,1,957
937,2,510
937,3,885
937,4,918
937,5,734
937,6,91
937,7,692
937,8,716
937,9,383
937,10,913
937,11,770
937,12,890
938,1,482
938,2,72
938,3,220
938,4,722
938,5,882
938,6,180
938,7,358
938,8,117
938,9,574
938,10,636
938,11,819
938,12,104
939,1,658
939,2,930
939,3,867
939,4,24
939,5,768
939,6,742
939,7,439
939,8,484
939,9,735
939,10,122
939,11,73
939,12,695
940,1,715
940,2,178
940,3,533
940,4,527
940,5,779
940,6,300
940,7,588
940,8,600
940,9,736
940,10,32
940,11,636
940,12,329
941,1,591
941,2,211
941,3,691
941,4,181
941,5,870
941,6,659
941,7,465
941,8,665
941,9,880
941,10,512
941,11,699
941,12,659
942,1,890
942,2,804
942,3,947
942,4,498
942,5,515
942,6,791
942,7,662
942,8,950
942,9,345
942,10,203
942,11,253
942,12,616
943,1,554
943,2,233
943,3,366
943,4,840
943,5,937
943,6,188
943,7,445
943,8,678
943,9,848
943,10,517
943,11,958
943,12,46
944,1,457
944,2,464
944,3,931
944,4,640
944,5,396
944,6,858
944,7,749
944,8,467
944,9,102
944,10,808
944,11,832
944,12,598
945,1,88
945,2,750
945,3,840
945,4,41
945,5,865
945,6,861
945,7,800
945,8,160
945,9,214
945,10,950
945,11,819
945,12,820
946,1,659
946,2,222
946,3,742
946,4,914
946,5,105
946,6,313
946,7,742
946,8,269
946,9,191
946,10,516
946,11,746
946,12,948
947,1,94
947,2,630
947,3,914
947,4,480
947,5,84
947,6,492
947,7,487
947,8,55
947,9,671
947,10,442
947,11,985
947,12,640
948,1,451
948,2,824
948,3,549
948,4,929
948,5,213
948,6,922
948,7,529
948,8,227
948,9,883
948,10,591
948,11,761
948,12,769
949,1,427
949,2,263
949,3,581
949,4,847
949,5,120
949,6,921
949,7,72
949,8,848
949,9,718
949,10,785
949,11,331
949,12,313
950,1,150
950,2,206
950,3,115
950,4,747
950,5,131
950,6,127
950,7,928
950,8,148
950,9,780
950,10,688
950,11,397
950,12,146
951,1,513
951,2,606
951,3,238
951,4,871
951,5,849
951,6,518
951,7,927
951,8,45
951,9,193
951,10,849
951,11,344
951,12,957
952,1,375
952,2,884
952,3,334
952,4,438
952,5,196
952,6,425
952,7,700
952,8,143
952,9,379
952,10,832
952,11,583
952,12,461
953,1,21
953,2,733
953,3,440
953,4,401
953,5,18
953,6,558
953,7,949
953,8,749
953,9,402
953,10,338
953,11,746
953,12,583
954,1,882
954,2,365
954,3,147
954,4,545
954,5,641
954,6,564
954,7,16
954,8,783
954,9,663
954,10,437
954,11,835
954,12,485
955,1,312
955,2,275
955,3,8
955,4,344
955,5,11
955,6,186
955,7,530
955,8,631
955,9,748
955,10,444
955,11,667
955,12,651
956,1,996
956,2,379
956,3,287
956,4,892
956,5,80
956,6,549
956,7,730
956,8,339
956,9,599
956,10,135
956,11,454
956,12,409
957,1,839
957,2,742
957,3,387
957,4,44
957,5,329
957,6,452
957,7,325
957,8,412
957,9,10
957,10,386
957,11,905
957,12,26
958,1,518
958,2,308
958,3,49
958,4,645
958,5,865
958,6,470
958,7,994
958,8,731
958,9,186
958,10,24
958,11,114
958,12,28
959,1,205
959,2,630
959,3,849
959,4,20
959,5,773
959,6,987
959,7,631
959,8,519
959,9,725
959,10,505
959,11,312
959,12,270
960,1,951
960,2,267
960,3,516
960,4,633
960,5,391
960,6,737
960,7,612
960,8,343
960,9,14
960,10,324
960,11,227
960,12,685
961,1,374
961,2,944
961,3,915
961,4,69
961,5,636
961,6,564
961,7,545
961,8,386
961,9,777
961,10,694
961,11,833
961,12,500
962,1,450
962,2,784
962,3,854
962,4,863
962,5,306
962,6,910
962,7,595
962,8,472
962,9,296
962,10,679
962,11,857
962,12,252
963,1,625
963,2,63
963,3,637
963,4,872
963,5,266
963,6,223
963,7,920
963,8,274
963,9,410
963,10,978
963,11,244
963,12,384
964,1,783
964,2,809
964,3,586
964,4,47
964,5,446
964,6,153
964,7,707
964,8,352
964,9,955
964,10,337
964,11,817
964,12,59
965,1,594
965,2,349
965,3,676
965,4,490
965,5,440
965,6,559
965,7,841
965,8,65
965,9,584
965,10,689
965,11,525
965,12,106
966,1,178
966,2,924
966,3,277
966,4,550
966,5,894
966,6,350
966,7,201
966,8,78
966,9,51
966,10,884
966,11,527
966,12,219
967,1,209
967,2,914
967,3,953
967,4,286
967,5,651
967,6,146
967,7,343
967,8,597
967,9,639
967,10,94
967,11,949
967,12,440
968,1,499
968,2,493
968,3,835
968,4,9
968,5,840
968,6,904
968,7,852
968,8,635
968,9,27
968,10,544
968,11,426
968,12,770
969,1,463
969,2,522
969,3,988
969,4,541
969,5,1
969,6,575
969,7,522
969,8,201
969,9,576
969,10,622
969,11,41
969,12,882
970,1,839
970,2,97
970,3,299
970,4,755
970,5,519
970,6,348
970,7,858
970,8,977
970,9,16
970,10,145
970,11,464
970,12,657
971,1,123
971,2,945
971,3,801
971,4,273
971,5,761
971,6,181
971,7,399
971,8,661
971,9,350
971,10,892
971,11,621
971,12,563
972,1,992
972,2,70
972,3,588
972,4,955
972,5,650
972,6,636
972,7,217
972,8,557
972,9,427
972,10,952
972,11,277
972,12,571
973,1,112
973,2,363
973,3,809
973,4,599
973,5,635
973,6,178
973,7,444
973,8,112
973,9,649
973,10,230
973,11,835
973,12,545
974,1,11
974,2,569
974,3,648
974,4,755
974,5,308
974,6,38
974,7,764
974,8,90
974,9,830
974,10,783
974,11,18
974,12,95
975,1,125
975,2,801
975,3,617
975,4,380
975,5,739
975,6,771
975,7,221
975,8,140
975,9,228
975,10,847
975,11,65
975,12,988
976,1,564
976,2,762
976,3,606
976,4,328
976,5,521
976,6,893
976,7,382
976,8,288
976,9,765
976,10,494
976,11,166
976,12,88
977,1,330
977,2,275
977,3,134
977,4,478
977,5,468
977,6,2
977,7,880
977,8,900
977,9,988
977,10,37
977,11,584
977,12,827
978,1,900
978,2,49
978,3,579
978,4,14
978,5,211
978,6,63
978,7,591
978,8,729
978,9,209
978,10,424
978,11,402
978,12,921
979,1,282
979,2,357
979,3,146
979,4,515
979,5,111
979,6,28
979,7,6
979,8,588
979,9,430
979,10,646
979,11,911
979,12,230
980,1,139
980,2,727
980,3,489
980,4,190
980,5,7
980,6,371
980,7,271
980,8,410
980,9,293
980,10,845
980,11,821
980,12,967
981,1,400
981,2,905
981,3,477
981,4,167
981,5,803
981,6,522
981,7,738
981,8,376
981,9,742
981,10,746
981,11,408
981,12,274
982,1,901
982,2,927
982,3,158
982,4,520
982,5,476
982,6,96
982,7,15
982,8,383
982,9,752
982,10,436
982,11,111
982,12,245
983,1,96
983,2,563
983,3,383
983,4,620
983,5,873
983,6,869
983,7,423
983,8,845
983,9,581
983,10,830
983,11,273
983,12,110
984,1,516
984,2,782
984,3,162
984,4,136
984,5,459
984,6,441
984,7,523
984,8,151
984,9,103
984,10,367
984,11,406
984,12,233
985,1,568
985,2,484
985,3,440
985,4,153
985,5,252
985,6,202
985,7,802
985,8,834
985,9,203
985,10,344
985,11,372
985,12,277
986,1,923
986,2,83
986,3,852
986,4,387
986,5,525
986,6,410
986,7,752
986,8,750
986,9,52
986,10,159
986,11,596
986,12,476
987,1,845
987,2,898
987,3,188
987,4,208
987,5,751
987,6,992
987,7,20
987,8,626
987,9,973
987,10,549
987,11,650
987,12,416
988,1,68
988,2,804
988,3,414
988,4,271
988,5,437
988,6,20
988,7,689
988,8,318
988,9,939
988,10,661
988,11,38
988,12,677
989,1,117
989,2,637
989,3,338
989,4,142
989,5,753
989,6,550
989,7,938
989,8,368
989,9,374
989,10,911
989,11,104
989,12,127
990,1,887
990,2,807
990,3,606
990,4,610
990,5,980
990,6,734
990,7,227
990,8,605
990,9,841
990,10,819
990,11,323
990,12,236
991,1,58
991,2,583
991,3,180
991,4,888
991,5,853
991,6,101
991,7,784
991,8,994
991,9,53
991,10,540
991,11,792
991,12,802
992,1,32
992,2,295
992,3,287
992,4,819
992,5,660
992,6,45
992,7,287
992,8,559
992,9,275
992,10,143
992,11,958
992,12,618
993,1,317
993,2,235
993,3,833
993,4,68
993,5,235
993,6,65
993,7,808
993,8,702
993,9,334
993,10,587
993,11,991
993,12,127
994,1,49
994,2,55
994,3,186
994,4,246
994,5,305
994,6,602
994,7,133
994,8,461
994,9,30
994,10,656
994,11,413
994,12,706
995,1,879
995,2,918
995,3,883
995,4,260
995,5,477
995,6,163
995,7,983
995,8,11
995,9,134
995,10,740
995,11,428
995,12,850
996,1,488
996,2,359
996,3,137
996,4,787
996,5,678
996,6,970
996,7,282
996,8,155
996,9,57
996,10,575
996,11,634
996,12,393
997,1,18
997,2,906
997,3,129
997,4,78
997,5,19
997,6,110
997,7,403
997,8,683
997,9,104
997,10,858
997,11,729
997,12,474
998,1,725
998,2,109
998,3,193
998,4,657
998,5,215
998,6,337
998,7,664
998,8,476
998,9,265
998,10,344
998,11,888
998,12,654
999,1,196
999,2,191
999,3,315
999,4,622
999,5,854
999,6,122
999,7,65
999,8,938
999,9,521
999,10,268
999,11,60
999,12,394
1000,1,890
1000,2,903
1000,3,983
1000,4,769
1000,5,134
1000,6,704
1000,7,648
1000,8,400
1000,9,495
1000,10,839
1000,11,611
1000,12,110
